-- --------------------------------------------------------
-- Хост:                         95.79.35.162
-- Версия сервера:               10.1.23-MariaDB-9+deb9u1 - Raspbian 9.0
-- ОС Сервера:                   debian-linux-gnueabihf
-- HeidiSQL Версия:              9.3.0.4984
-- --------------------------------------------------------

/*!40101 SET @OLD_CHARACTER_SET_CLIENT=@@CHARACTER_SET_CLIENT */;
/*!40101 SET NAMES utf8mb4 */;
/*!40014 SET @OLD_FOREIGN_KEY_CHECKS=@@FOREIGN_KEY_CHECKS, FOREIGN_KEY_CHECKS=0 */;
/*!40101 SET @OLD_SQL_MODE=@@SQL_MODE, SQL_MODE='NO_AUTO_VALUE_ON_ZERO' */;
-- Дамп данных таблицы Lb2.Employee: ~5 rows (приблизительно)
/*!40000 ALTER TABLE `Employee` DISABLE KEYS */;
INSERT INTO Employee (ID, surname, address, tax) VALUES
	(1, 'Пивоваров', 'Канавинский', 10),
	(2, 'Махалина', 'Сормовский', 10),
	(3, 'Щанников', 'Нижегородский', 15),
	(4, 'Воробьев', 'Советский', 10),
	(5, 'Алексанов', 'Советский', 10);
/*!40000 ALTER TABLE `Employee` ENABLE KEYS */;

-- Дамп данных таблицы Lb2.Position: ~7 rows (приблизительно)
/*!40000 ALTER TABLE `Position` DISABLE KEYS */;
INSERT INTO Position (ID, name, payment, max_hours) VALUES
	(1, 'Ассистент', 1000, 40),
	(2, 'Старший преподаватель', 1500, 35),
	(3, 'Доцент', 2000, 20),
	(4, 'Профессор', 2500, 10),
	(5, 'Мл. научный сотрудник', 700, 60),
	(6, 'Ст. научный сотрудник', 1000, 50),
	(7, 'Зав. лабораторией', 1300, 40);
/*!40000 ALTER TABLE `Position` ENABLE KEYS */;

-- Дамп данных таблицы Lb2.Work: ~21 rows (приблизительно)
/*!40000 ALTER TABLE `Work` DISABLE KEYS */;
INSERT INTO Work (ID, date, employee, work_place, position, num_hours, pay, pension) VALUES
	(20000, '1999-01-01', 3, 4, 7, 10, 13000, 1300),
	(20001, '1999-01-01', 5, 6, 4, 5, 12500, 3125),
	(20002, '1999-02-01', 1, 6, 1, 35, 35000, 8750),
	(20003, '1999-02-01', 2, 2, 5, 10, 7000, 700),
	(20004, '1999-02-01', 2, 1, 2, 30, 45000, 9000),
	(20005, '1999-02-01', 2, 5, 1, 10, 10000, 2000),
	(20006, '1999-02-01', 3, 2, 3, 15, 30000, 3000),
	(20007, '1999-04-01', 1, 1, 2, 20, 30000, 6000),
	(20008, '1999-04-01', 2, 5, 6, 40, 40000, 8000),
	(20009, '1999-04-01', 4, 5, 1, 10, 10000, 2000),
	(20010, '1999-05-01', 2, 2, 2, 20, 30000, 3000),
	(20011, '1999-06-01', 3, 6, 3, 11, 22000, 5500),
	(20012, '1999-07-01', 1, 3, 2, 10, 15000, 3000),
	(20013, '1999-07-01', 2, 2, 3, 15, 30000, 3000),
	(20014, '1999-08-01', 4, 2, 4, 8, 20000, 2000),
	(20015, '1999-08-01', 5, 2, 7, 10, 13000, 1300),
	(20016, '1999-08-01', 1, 3, 2, 20, 30000, 6000),
	(30005, '1995-01-01', 3, 1, 3, 1, 1, 1),
	(30006, '1995-01-01', 3, 3, 3, 1, 1, 1),
	(30007, '1995-01-01', 3, 4, 3, 1, 1, 1),
	(30008, '1995-12-01', 3, 5, 3, 1, 1, 1);
/*!40000 ALTER TABLE `Work` ENABLE KEYS */;

-- Дамп данных таблицы Lb2.Work_place: ~6 rows (приблизительно)
/*!40000 ALTER TABLE `Work_place` DISABLE KEYS */;
INSERT INTO Work_place (ID, name, address, pension) VALUES
	(1, 'Университет', 'Приокский', 20),
	(2, 'Институт механики', 'Приокский', 10),
	(3, 'Технический Университет', 'Нижегородский', 20),
	(4, 'НИИ ПМК', 'Нижегородский', 10),
	(5, 'Сельхоз. академия', 'Приокский', 20),
	(6, 'Академия бизнеса', 'Сормовский', 25);
/*!40000 ALTER TABLE `Work_place` ENABLE KEYS */;
/*!40101 SET SQL_MODE=IFNULL(@OLD_SQL_MODE, '') */;
/*!40014 SET FOREIGN_KEY_CHECKS=IF(@OLD_FOREIGN_KEY_CHECKS IS NULL, 1, @OLD_FOREIGN_KEY_CHECKS) */;
/*!40101 SET CHARACTER_SET_CLIENT=@OLD_CHARACTER_SET_CLIENT */;
